insert into shipment (id, date, cost) values (1, '12/16/2024', '$71.37');
insert into shipment (id, date, cost) values (2, '01/03/2025', '$11.49');
insert into shipment (id, date, cost) values (3, '06/15/2024', '$10.66');
insert into shipment (id, date, cost) values (4, '10/22/2024', '$34.67');
insert into shipment (id, date, cost) values (5, '03/15/2024', '$26.26');
insert into shipment (id, date, cost) values (6, '04/04/2024', '$30.57');
insert into shipment (id, date, cost) values (7, '11/29/2024', '$59.12');
insert into shipment (id, date, cost) values (8, '04/21/2024', '$76.94');
insert into shipment (id, date, cost) values (9, '02/28/2024', '$12.84');
insert into shipment (id, date, cost) values (10, '07/26/2024', '$95.84');
insert into shipment (id, date, cost) values (11, '07/01/2024', '$24.91');
insert into shipment (id, date, cost) values (12, '06/25/2024', '$18.23');
insert into shipment (id, date, cost) values (13, '05/02/2024', '$87.03');
insert into shipment (id, date, cost) values (14, '05/04/2024', '$44.65');
insert into shipment (id, date, cost) values (15, '08/05/2024', '$30.81');
insert into shipment (id, date, cost) values (16, '04/14/2024', '$47.15');
insert into shipment (id, date, cost) values (17, '09/20/2024', '$74.85');
insert into shipment (id, date, cost) values (18, '01/22/2025', '$78.04');
insert into shipment (id, date, cost) values (19, '05/22/2024', '$28.06');
insert into shipment (id, date, cost) values (20, '08/31/2024', '$75.16');
insert into shipment (id, date, cost) values (21, '05/08/2024', '$74.06');
insert into shipment (id, date, cost) values (22, '03/25/2024', '$42.82');
insert into shipment (id, date, cost) values (23, '01/27/2025', '$12.28');
insert into shipment (id, date, cost) values (24, '09/26/2024', '$8.37');
insert into shipment (id, date, cost) values (25, '07/19/2024', '$54.49');
insert into shipment (id, date, cost) values (26, '04/20/2024', '$21.18');
insert into shipment (id, date, cost) values (27, '04/07/2024', '$7.27');
insert into shipment (id, date, cost) values (28, '12/27/2024', '$19.82');
insert into shipment (id, date, cost) values (29, '02/27/2024', '$7.07');
insert into shipment (id, date, cost) values (30, '10/01/2024', '$39.42');
insert into shipment (id, date, cost) values (31, '12/19/2024', '$96.64');
insert into shipment (id, date, cost) values (32, '08/30/2024', '$73.33');
insert into shipment (id, date, cost) values (33, '06/03/2024', '$47.61');
insert into shipment (id, date, cost) values (34, '07/02/2024', '$54.05');
insert into shipment (id, date, cost) values (35, '07/27/2024', '$12.85');
insert into shipment (id, date, cost) values (36, '12/25/2024', '$89.16');
insert into shipment (id, date, cost) values (37, '10/16/2024', '$28.64');
insert into shipment (id, date, cost) values (38, '10/27/2024', '$19.53');
insert into shipment (id, date, cost) values (39, '03/17/2024', '$14.91');
insert into shipment (id, date, cost) values (40, '08/08/2024', '$64.57');
insert into shipment (id, date, cost) values (41, '12/06/2024', '$36.43');
insert into shipment (id, date, cost) values (42, '11/14/2024', '$44.62');
insert into shipment (id, date, cost) values (43, '05/15/2024', '$97.34');
insert into shipment (id, date, cost) values (44, '09/24/2024', '$97.73');
insert into shipment (id, date, cost) values (45, '01/10/2025', '$43.09');
insert into shipment (id, date, cost) values (46, '03/07/2024', '$36.43');
insert into shipment (id, date, cost) values (47, '04/09/2024', '$13.97');
insert into shipment (id, date, cost) values (48, '03/13/2024', '$24.35');
insert into shipment (id, date, cost) values (49, '01/05/2025', '$81.55');
insert into shipment (id, date, cost) values (50, '06/12/2024', '$14.78');
insert into shipment (id, date, cost) values (51, '02/04/2024', '$53.46');
insert into shipment (id, date, cost) values (52, '11/12/2024', '$83.79');
insert into shipment (id, date, cost) values (53, '09/09/2024', '$67.08');
insert into shipment (id, date, cost) values (54, '10/19/2024', '$53.46');
insert into shipment (id, date, cost) values (55, '05/27/2024', '$82.92');
insert into shipment (id, date, cost) values (56, '11/21/2024', '$81.24');
insert into shipment (id, date, cost) values (57, '07/23/2024', '$0.23');
insert into shipment (id, date, cost) values (58, '12/14/2024', '$44.81');
insert into shipment (id, date, cost) values (59, '10/03/2024', '$16.55');
insert into shipment (id, date, cost) values (60, '10/10/2024', '$63.45');
insert into shipment (id, date, cost) values (61, '03/23/2024', '$18.29');
insert into shipment (id, date, cost) values (62, '09/16/2024', '$86.01');
insert into shipment (id, date, cost) values (63, '07/22/2024', '$57.54');
insert into shipment (id, date, cost) values (64, '05/12/2024', '$60.69');
insert into shipment (id, date, cost) values (65, '09/30/2024', '$25.34');
insert into shipment (id, date, cost) values (66, '01/31/2024', '$86.83');
insert into shipment (id, date, cost) values (67, '06/18/2024', '$28.59');
insert into shipment (id, date, cost) values (68, '03/20/2024', '$8.78');
insert into shipment (id, date, cost) values (69, '07/16/2024', '$95.30');
insert into shipment (id, date, cost) values (70, '09/12/2024', '$12.50');
insert into shipment (id, date, cost) values (71, '10/24/2024', '$72.14');
insert into shipment (id, date, cost) values (72, '09/29/2024', '$66.88');
insert into shipment (id, date, cost) values (73, '07/13/2024', '$40.20');
insert into shipment (id, date, cost) values (74, '02/28/2024', '$11.76');
insert into shipment (id, date, cost) values (75, '09/28/2024', '$22.83');
insert into shipment (id, date, cost) values (76, '07/30/2024', '$55.81');
insert into shipment (id, date, cost) values (77, '12/07/2024', '$63.81');
insert into shipment (id, date, cost) values (78, '10/01/2024', '$60.30');
insert into shipment (id, date, cost) values (79, '02/19/2024', '$59.90');
insert into shipment (id, date, cost) values (80, '02/04/2024', '$15.47');
insert into shipment (id, date, cost) values (81, '10/17/2024', '$87.31');
insert into shipment (id, date, cost) values (82, '08/09/2024', '$27.92');
insert into shipment (id, date, cost) values (83, '08/09/2024', '$66.25');
insert into shipment (id, date, cost) values (84, '11/28/2024', '$96.31');
insert into shipment (id, date, cost) values (85, '02/15/2024', '$96.10');
insert into shipment (id, date, cost) values (86, '07/18/2024', '$1.08');
insert into shipment (id, date, cost) values (87, '09/21/2024', '$2.23');
insert into shipment (id, date, cost) values (88, '03/26/2024', '$62.80');
insert into shipment (id, date, cost) values (89, '05/06/2024', '$7.07');
insert into shipment (id, date, cost) values (90, '05/28/2024', '$50.20');
insert into shipment (id, date, cost) values (91, '02/29/2024', '$20.34');
insert into shipment (id, date, cost) values (92, '01/17/2025', '$16.59');
insert into shipment (id, date, cost) values (93, '05/24/2024', '$95.12');
insert into shipment (id, date, cost) values (94, '09/03/2024', '$45.72');
insert into shipment (id, date, cost) values (95, '06/03/2024', '$61.48');
insert into shipment (id, date, cost) values (96, '05/08/2024', '$35.23');
insert into shipment (id, date, cost) values (97, '03/29/2024', '$2.05');
insert into shipment (id, date, cost) values (98, '10/21/2024', '$32.54');
insert into shipment (id, date, cost) values (99, '01/15/2025', '$27.24');
insert into shipment (id, date, cost) values (100, '05/15/2024', '$89.01');


insert into client (id, full_name, email) values (1, 'Peyter Duncombe', 'pduncombe0@abc.net.au');
insert into client (id, full_name, email) values (2, 'Avictor Cool', 'acool1@noaa.gov');
insert into client (id, full_name, email) values (3, 'Johann Berndtssen', 'jberndtssen2@over-blog.com');
insert into client (id, full_name, email) values (4, 'Christoffer Alexsandrowicz', 'calexsandrowicz3@telegraph.co.uk');
insert into client (id, full_name, email) values (5, 'Pip La Rosa', 'pla4@indiatimes.com');
insert into client (id, full_name, email) values (6, 'Odie Naptin', 'onaptin5@mac.com');
insert into client (id, full_name, email) values (7, 'Teodor Dun', 'tdun6@alexa.com');
insert into client (id, full_name, email) values (8, 'Stephenie Risso', 'srisso7@live.com');
insert into client (id, full_name, email) values (9, 'Domenic Woodison', 'dwoodison8@infoseek.co.jp');
insert into client (id, full_name, email) values (10, 'Tabby Aulton', 'taulton9@sphinn.com');
insert into client (id, full_name, email) values (11, 'Sibelle Edmund', 'sedmunda@t-online.de');
insert into client (id, full_name, email) values (12, 'Ardyth Harwin', 'aharwinb@toplist.cz');
insert into client (id, full_name, email) values (13, 'Tierney Fine', 'tfinec@4shared.com');
insert into client (id, full_name, email) values (14, 'Christa Goodoune', 'cgoodouned@cocolog-nifty.com');
insert into client (id, full_name, email) values (15, 'Aurelie Jovasevic', 'ajovasevice@smh.com.au');
insert into client (id, full_name, email) values (16, 'Lew Pietsma', 'lpietsmaf@usatoday.com');
insert into client (id, full_name, email) values (17, 'Julita Bottoms', 'jbottomsg@yellowbook.com');
insert into client (id, full_name, email) values (18, 'Erich Geeraert', 'egeeraerth@theglobeandmail.com');
insert into client (id, full_name, email) values (19, 'Aile Skelhorne', 'askelhornei@usnews.com');
insert into client (id, full_name, email) values (20, 'Robby Samper', 'rsamperj@nbcnews.com');
insert into client (id, full_name, email) values (21, 'Chas Chittey', 'cchitteyk@nifty.com');
insert into client (id, full_name, email) values (22, 'Lucian Nystrom', 'lnystroml@uol.com.br');
insert into client (id, full_name, email) values (23, 'Andree Lye', 'alyem@friendfeed.com');
insert into client (id, full_name, email) values (24, 'Jillayne Edworthy', 'jedworthyn@constantcontact.com');
insert into client (id, full_name, email) values (25, 'Jonathan Hintzer', 'jhintzero@harvard.edu');
insert into client (id, full_name, email) values (26, 'Tam Blackney', 'tblackneyp@psu.edu');
insert into client (id, full_name, email) values (27, 'Shel Shales', 'sshalesq@bravesites.com');
insert into client (id, full_name, email) values (28, 'Davin Bothams', 'dbothamsr@latimes.com');
insert into client (id, full_name, email) values (29, 'Antone Niesing', 'aniesings@ehow.com');
insert into client (id, full_name, email) values (30, 'Cash Garrison', 'cgarrisont@histats.com');
insert into client (id, full_name, email) values (31, 'Fred Iacofo', 'fiacofou@people.com.cn');
insert into client (id, full_name, email) values (32, 'Jocelyne Braunle', 'jbraunlev@boston.com');
insert into client (id, full_name, email) values (33, 'Bastian Puddicombe', 'bpuddicombew@utexas.edu');
insert into client (id, full_name, email) values (34, 'Murdoch Pentelow', 'mpentelowx@usa.gov');
insert into client (id, full_name, email) values (35, 'Gregg Gouthier', 'ggouthiery@cnet.com');
insert into client (id, full_name, email) values (36, 'Adel Tilliards', 'atilliardsz@yellowpages.com');
insert into client (id, full_name, email) values (37, 'Sadie Danilyak', 'sdanilyak10@bandcamp.com');
insert into client (id, full_name, email) values (38, 'Karlens Harrill', 'kharrill11@studiopress.com');
insert into client (id, full_name, email) values (39, 'Yetty Dockrill', 'ydockrill12@virginia.edu');
insert into client (id, full_name, email) values (40, 'Dal Delicate', 'ddelicate13@lycos.com');
insert into client (id, full_name, email) values (41, 'Cirstoforo Halloran', 'challoran14@wikia.com');
insert into client (id, full_name, email) values (42, 'Amelia Eassom', 'aeassom15@liveinternet.ru');
insert into client (id, full_name, email) values (43, 'Susi Salvadori', 'ssalvadori16@squidoo.com');
insert into client (id, full_name, email) values (44, 'Vivyanne Pien', 'vpien17@slashdot.org');
insert into client (id, full_name, email) values (45, 'Alia Keming', 'akeming18@skype.com');
insert into client (id, full_name, email) values (46, 'Linet Bozier', 'lbozier19@storify.com');
insert into client (id, full_name, email) values (47, 'Storm Gatesman', 'sgatesman1a@delicious.com');
insert into client (id, full_name, email) values (48, 'Dukey Heape', 'dheape1b@facebook.com');
insert into client (id, full_name, email) values (49, 'Christy Howlings', 'chowlings1c@fotki.com');
insert into client (id, full_name, email) values (50, 'Mozelle Andriss', 'mandriss1d@redcross.org');
insert into client (id, full_name, email) values (51, 'Shaun Sommerfeld', 'ssommerfeld1e@odnoklassniki.ru');
insert into client (id, full_name, email) values (52, 'Editha Reichert', 'ereichert1f@hostgator.com');
insert into client (id, full_name, email) values (53, 'Helga Molloy', 'hmolloy1g@comsenz.com');
insert into client (id, full_name, email) values (54, 'Chet Jestico', 'cjestico1h@wikia.com');
insert into client (id, full_name, email) values (55, 'Cynthia Drakers', 'cdrakers1i@europa.eu');
insert into client (id, full_name, email) values (56, 'Helene Shapero', 'hshapero1j@arstechnica.com');
insert into client (id, full_name, email) values (57, 'Leslie McFayden', 'lmcfayden1k@histats.com');
insert into client (id, full_name, email) values (58, 'Gasper Gooke', 'ggooke1l@t.co');
insert into client (id, full_name, email) values (59, 'Allayne Selvey', 'aselvey1m@com.com');
insert into client (id, full_name, email) values (60, 'Marigold Lohering', 'mlohering1n@lycos.com');
insert into client (id, full_name, email) values (61, 'Lia Elgie', 'lelgie1o@t.co');
insert into client (id, full_name, email) values (62, 'Colly Giroldo', 'cgiroldo1p@msn.com');
insert into client (id, full_name, email) values (63, 'Gar Grabb', 'ggrabb1q@cbc.ca');
insert into client (id, full_name, email) values (64, 'Lorne Fucher', 'lfucher1r@cargocollective.com');
insert into client (id, full_name, email) values (65, 'Gilberto Hanbury-Brown', 'ghanburybrown1s@apache.org');
insert into client (id, full_name, email) values (66, 'Ronald Readmire', 'rreadmire1t@goo.gl');
insert into client (id, full_name, email) values (67, 'Felizio Gibbings', 'fgibbings1u@latimes.com');
insert into client (id, full_name, email) values (68, 'Colas Romanetti', 'cromanetti1v@symantec.com');
insert into client (id, full_name, email) values (69, 'Ives Rosenauer', 'irosenauer1w@mit.edu');
insert into client (id, full_name, email) values (70, 'Judy Golsthorp', 'jgolsthorp1x@bing.com');
insert into client (id, full_name, email) values (71, 'Ky McArt', 'kmcart1y@4shared.com');
insert into client (id, full_name, email) values (72, 'Enrika Leyninye', 'eleyninye1z@example.com');
insert into client (id, full_name, email) values (73, 'Ive Townrow', 'itownrow20@unicef.org');
insert into client (id, full_name, email) values (74, 'Antonino Sinney', 'asinney21@usgs.gov');
insert into client (id, full_name, email) values (75, 'Conant Itzhayek', 'citzhayek22@example.com');
insert into client (id, full_name, email) values (76, 'Philippa Staining', 'pstaining23@reuters.com');
insert into client (id, full_name, email) values (77, 'Bronny Pideon', 'bpideon24@hexun.com');
insert into client (id, full_name, email) values (78, 'Ario Brealey', 'abrealey25@infoseek.co.jp');
insert into client (id, full_name, email) values (79, 'Bruno Linzee', 'blinzee26@wsj.com');
insert into client (id, full_name, email) values (80, 'Quinn Baudouin', 'qbaudouin27@rediff.com');
insert into client (id, full_name, email) values (81, 'Melitta Sutherby', 'msutherby28@godaddy.com');
insert into client (id, full_name, email) values (82, 'Godard Collinge', 'gcollinge29@ycombinator.com');
insert into client (id, full_name, email) values (83, 'Leslie Mapledorum', 'lmapledorum2a@biblegateway.com');
insert into client (id, full_name, email) values (84, 'Alwin Jaspar', 'ajaspar2b@simplemachines.org');
insert into client (id, full_name, email) values (85, 'Maye Coulston', 'mcoulston2c@over-blog.com');
insert into client (id, full_name, email) values (86, 'Brittaney Mariyushkin', 'bmariyushkin2d@ucoz.com');
insert into client (id, full_name, email) values (87, 'Kippie Kleinzweig', 'kkleinzweig2e@edublogs.org');
insert into client (id, full_name, email) values (88, 'Brandice Lukesch', 'blukesch2f@yelp.com');
insert into client (id, full_name, email) values (89, 'Demeter Ksandra', 'dksandra2g@epa.gov');
insert into client (id, full_name, email) values (90, 'Lucian Lehrahan', 'llehrahan2h@tinyurl.com');
insert into client (id, full_name, email) values (91, 'Melissa Winkell', 'mwinkell2i@usa.gov');
insert into client (id, full_name, email) values (92, 'Reg Sunter', 'rsunter2j@dedecms.com');
insert into client (id, full_name, email) values (93, 'Vern Linden', 'vlinden2k@mozilla.com');
insert into client (id, full_name, email) values (94, 'Maxie Askin', 'maskin2l@pagesperso-orange.fr');
insert into client (id, full_name, email) values (95, 'Leticia Rodenburg', 'lrodenburg2m@privacy.gov.au');
insert into client (id, full_name, email) values (96, 'Camile Darkin', 'cdarkin2n@cyberchimps.com');
insert into client (id, full_name, email) values (97, 'Sutton Casserley', 'scasserley2o@vistaprint.com');
insert into client (id, full_name, email) values (98, 'Vin Burdis', 'vburdis2p@mozilla.com');
insert into client (id, full_name, email) values (99, 'Melli Laugheran', 'mlaugheran2q@businessinsider.com');
insert into client (id, full_name, email) values (100, 'Bucky Poxson', 'bpoxson2r@usnews.com');


insert into purchase (id, purchase_no, client_id, shipment_id) values (1, '91-703-2962', 1, 1);
insert into purchase (id, purchase_no, client_id, shipment_id) values (2, '45-774-4257', 2, 2);
insert into purchase (id, purchase_no, client_id, shipment_id) values (3, '31-310-5797', 3, 3);
insert into purchase (id, purchase_no, client_id, shipment_id) values (4, '71-965-8008', 4, 4);
insert into purchase (id, purchase_no, client_id, shipment_id) values (5, '98-703-1586', 5, 5);
insert into purchase (id, purchase_no, client_id, shipment_id) values (6, '59-993-7562', 6, 6);
insert into purchase (id, purchase_no, client_id, shipment_id) values (7, '40-884-6223', 7, 7);
insert into purchase (id, purchase_no, client_id, shipment_id) values (8, '75-566-1439', 8, 8);
insert into purchase (id, purchase_no, client_id, shipment_id) values (9, '43-481-6660', 9, 9);
insert into purchase (id, purchase_no, client_id, shipment_id) values (10, '68-171-0757', 10, 10);
insert into purchase (id, purchase_no, client_id, shipment_id) values (11, '70-521-0810', 11, 11);
insert into purchase (id, purchase_no, client_id, shipment_id) values (12, '27-016-1737', 12, 12);
insert into purchase (id, purchase_no, client_id, shipment_id) values (13, '25-162-7072', 13, 13);
insert into purchase (id, purchase_no, client_id, shipment_id) values (14, '79-397-9527', 14, 14);
insert into purchase (id, purchase_no, client_id, shipment_id) values (15, '50-829-5319', 15, 15);
insert into purchase (id, purchase_no, client_id, shipment_id) values (16, '25-259-7253', 16, 16);
insert into purchase (id, purchase_no, client_id, shipment_id) values (17, '29-882-1073', 17, 17);
insert into purchase (id, purchase_no, client_id, shipment_id) values (18, '46-234-8842', 18, 18);
insert into purchase (id, purchase_no, client_id, shipment_id) values (19, '30-581-2294', 19, 19);
insert into purchase (id, purchase_no, client_id, shipment_id) values (20, '09-448-9497', 20, 20);
insert into purchase (id, purchase_no, client_id, shipment_id) values (21, '23-774-0214', 21, 21);
insert into purchase (id, purchase_no, client_id, shipment_id) values (22, '68-827-2796', 22, 22);
insert into purchase (id, purchase_no, client_id, shipment_id) values (23, '59-676-2570', 23, 23);
insert into purchase (id, purchase_no, client_id, shipment_id) values (24, '73-300-5778', 24, 24);
insert into purchase (id, purchase_no, client_id, shipment_id) values (25, '74-674-7526', 25, 25);
insert into purchase (id, purchase_no, client_id, shipment_id) values (26, '40-110-7349', 26, 26);
insert into purchase (id, purchase_no, client_id, shipment_id) values (27, '46-748-7758', 27, 27);
insert into purchase (id, purchase_no, client_id, shipment_id) values (28, '33-946-9725', 28, 28);
insert into purchase (id, purchase_no, client_id, shipment_id) values (29, '25-697-3096', 29, 29);
insert into purchase (id, purchase_no, client_id, shipment_id) values (30, '65-392-8199', 30, 30);
insert into purchase (id, purchase_no, client_id, shipment_id) values (31, '38-615-7401', 31, 31);
insert into purchase (id, purchase_no, client_id, shipment_id) values (32, '27-802-4495', 32, 32);
insert into purchase (id, purchase_no, client_id, shipment_id) values (33, '43-560-5726', 33, 33);
insert into purchase (id, purchase_no, client_id, shipment_id) values (34, '23-085-1096', 34, 34);
insert into purchase (id, purchase_no, client_id, shipment_id) values (35, '82-054-5599', 35, 35);
insert into purchase (id, purchase_no, client_id, shipment_id) values (36, '08-641-9110', 36, 36);
insert into purchase (id, purchase_no, client_id, shipment_id) values (37, '63-459-7275', 37, 37);
insert into purchase (id, purchase_no, client_id, shipment_id) values (38, '30-223-2374', 38, 38);
insert into purchase (id, purchase_no, client_id, shipment_id) values (39, '80-398-3524', 39, 39);
insert into purchase (id, purchase_no, client_id, shipment_id) values (40, '32-760-7090', 40, 40);
insert into purchase (id, purchase_no, client_id, shipment_id) values (41, '35-140-2508', 41, 41);
insert into purchase (id, purchase_no, client_id, shipment_id) values (42, '31-067-0284', 42, 42);
insert into purchase (id, purchase_no, client_id, shipment_id) values (43, '20-906-0775', 43, 43);
insert into purchase (id, purchase_no, client_id, shipment_id) values (44, '89-435-4205', 44, 44);
insert into purchase (id, purchase_no, client_id, shipment_id) values (45, '23-727-6894', 45, 45);
insert into purchase (id, purchase_no, client_id, shipment_id) values (46, '94-049-5054', 46, 46);
insert into purchase (id, purchase_no, client_id, shipment_id) values (47, '05-973-0568', 47, 47);
insert into purchase (id, purchase_no, client_id, shipment_id) values (48, '11-039-8596', 48, 48);
insert into purchase (id, purchase_no, client_id, shipment_id) values (49, '39-832-6419', 49, 49);
insert into purchase (id, purchase_no, client_id, shipment_id) values (50, '00-534-3753', 50, 50);
insert into purchase (id, purchase_no, client_id, shipment_id) values (51, '38-277-2598', 51, 51);
insert into purchase (id, purchase_no, client_id, shipment_id) values (52, '33-906-2349', 52, 52);
insert into purchase (id, purchase_no, client_id, shipment_id) values (53, '37-288-7630', 53, 53);
insert into purchase (id, purchase_no, client_id, shipment_id) values (54, '64-053-2805', 54, 54);
insert into purchase (id, purchase_no, client_id, shipment_id) values (55, '49-854-1848', 55, 55);
insert into purchase (id, purchase_no, client_id, shipment_id) values (56, '42-449-7086', 56, 56);
insert into purchase (id, purchase_no, client_id, shipment_id) values (57, '45-127-9315', 57, 57);
insert into purchase (id, purchase_no, client_id, shipment_id) values (58, '09-568-8004', 58, 58);
insert into purchase (id, purchase_no, client_id, shipment_id) values (59, '16-269-4187', 59, 59);
insert into purchase (id, purchase_no, client_id, shipment_id) values (60, '10-325-5767', 60, 60);
insert into purchase (id, purchase_no, client_id, shipment_id) values (61, '91-301-1091', 61, 61);
insert into purchase (id, purchase_no, client_id, shipment_id) values (62, '29-328-3327', 62, 62);
insert into purchase (id, purchase_no, client_id, shipment_id) values (63, '05-318-7015', 63, 63);
insert into purchase (id, purchase_no, client_id, shipment_id) values (64, '77-436-0612', 64, 64);
insert into purchase (id, purchase_no, client_id, shipment_id) values (65, '78-055-6362', 65, 65);
insert into purchase (id, purchase_no, client_id, shipment_id) values (66, '66-769-2659', 66, 66);
insert into purchase (id, purchase_no, client_id, shipment_id) values (67, '81-614-9163', 67, 67);
insert into purchase (id, purchase_no, client_id, shipment_id) values (68, '34-704-4942', 68, 68);
insert into purchase (id, purchase_no, client_id, shipment_id) values (69, '84-535-4975', 69, 69);
insert into purchase (id, purchase_no, client_id, shipment_id) values (70, '22-889-8913', 70, 70);
insert into purchase (id, purchase_no, client_id, shipment_id) values (71, '40-755-1000', 71, 71);
insert into purchase (id, purchase_no, client_id, shipment_id) values (72, '78-357-5871', 72, 72);
insert into purchase (id, purchase_no, client_id, shipment_id) values (73, '04-156-5365', 73, 73);
insert into purchase (id, purchase_no, client_id, shipment_id) values (74, '28-452-8164', 74, 74);
insert into purchase (id, purchase_no, client_id, shipment_id) values (75, '52-066-8763', 75, 75);
insert into purchase (id, purchase_no, client_id, shipment_id) values (76, '69-892-3348', 76, 76);
insert into purchase (id, purchase_no, client_id, shipment_id) values (77, '92-673-6283', 77, 77);
insert into purchase (id, purchase_no, client_id, shipment_id) values (78, '23-105-6971', 78, 78);
insert into purchase (id, purchase_no, client_id, shipment_id) values (79, '05-416-6640', 79, 79);
insert into purchase (id, purchase_no, client_id, shipment_id) values (80, '98-988-7464', 80, 80);
insert into purchase (id, purchase_no, client_id, shipment_id) values (81, '81-041-2186', 81, 81);
insert into purchase (id, purchase_no, client_id, shipment_id) values (82, '35-971-2258', 82, 82);
insert into purchase (id, purchase_no, client_id, shipment_id) values (83, '21-180-4582', 83, 83);
insert into purchase (id, purchase_no, client_id, shipment_id) values (84, '94-099-7548', 84, 84);
insert into purchase (id, purchase_no, client_id, shipment_id) values (85, '89-862-9780', 85, 85);
insert into purchase (id, purchase_no, client_id, shipment_id) values (86, '99-037-8509', 86, 86);
insert into purchase (id, purchase_no, client_id, shipment_id) values (87, '08-513-6491', 87, 87);
insert into purchase (id, purchase_no, client_id, shipment_id) values (88, '68-909-3739', 88, 88);
insert into purchase (id, purchase_no, client_id, shipment_id) values (89, '93-907-9201', 89, 89);
insert into purchase (id, purchase_no, client_id, shipment_id) values (90, '99-918-3792', 90, 90);
insert into purchase (id, purchase_no, client_id, shipment_id) values (91, '51-889-3347', 91, 91);
insert into purchase (id, purchase_no, client_id, shipment_id) values (92, '28-060-0992', 92, 92);
insert into purchase (id, purchase_no, client_id, shipment_id) values (93, '81-660-1984', 93, 93);
insert into purchase (id, purchase_no, client_id, shipment_id) values (94, '12-175-0673', 94, 94);
insert into purchase (id, purchase_no, client_id, shipment_id) values (95, '50-849-0679', 95, 95);
insert into purchase (id, purchase_no, client_id, shipment_id) values (96, '96-159-0544', 96, 96);
insert into purchase (id, purchase_no, client_id, shipment_id) values (97, '32-283-8588', 97, 97);
insert into purchase (id, purchase_no, client_id, shipment_id) values (98, '98-724-7712', 98, 98);
insert into purchase (id, purchase_no, client_id, shipment_id) values (99, '19-999-0459', 99, 99);
insert into purchase (id, purchase_no, client_id, shipment_id) values (100, '18-626-0566', 100, 100);


insert into product_category (id, name, parent_category_id) values (1, 'Glass & Glazing', null);
insert into product_category (id, name, parent_category_id) values (2, 'Casework', 2);
insert into product_category (id, name, parent_category_id) values (3, 'Curb & Gutter', 3);
insert into product_category (id, name, parent_category_id) values (4, 'Fire Protection', 4);
insert into product_category (id, name, parent_category_id) values (5, 'Construction Clean and Final Clean', null);
insert into product_category (id, name, parent_category_id) values (6, 'Structural & Misc Steel Erection', 6);
insert into product_category (id, name, parent_category_id) values (7, 'Exterior Signage', null);
insert into product_category (id, name, parent_category_id) values (8, 'Waterproofing & Caulking', null);
insert into product_category (id, name, parent_category_id) values (9, 'Plumbing & Medical Gas', 9);
insert into product_category (id, name, parent_category_id) values (10, 'Landscaping & Irrigation', 10);
insert into product_category (id, name, parent_category_id) values (11, 'Roofing (Metal)', 11);
insert into product_category (id, name, parent_category_id) values (12, 'Temp Fencing, Decorative Fencing and Gates', null);
insert into product_category (id, name, parent_category_id) values (13, 'Casework', 13);
insert into product_category (id, name, parent_category_id) values (14, 'Retaining Wall and Brick Pavers', null);
insert into product_category (id, name, parent_category_id) values (15, 'Asphalt Paving', null);
insert into product_category (id, name, parent_category_id) values (16, 'Framing (Wood)', null);
insert into product_category (id, name, parent_category_id) values (17, 'Plumbing & Medical Gas', 17);
insert into product_category (id, name, parent_category_id) values (18, 'Construction Clean and Final Clean', 18);
insert into product_category (id, name, parent_category_id) values (19, 'Painting & Vinyl Wall Covering', 19);
insert into product_category (id, name, parent_category_id) values (20, 'Soft Flooring and Base', null);
insert into product_category (id, name, parent_category_id) values (21, 'Glass & Glazing', null);
insert into product_category (id, name, parent_category_id) values (22, 'Curb & Gutter', null);
insert into product_category (id, name, parent_category_id) values (23, 'Roofing (Metal)', 23);
insert into product_category (id, name, parent_category_id) values (24, 'Drywall & Acoustical (MOB)', null);
insert into product_category (id, name, parent_category_id) values (25, 'Glass & Glazing', null);
insert into product_category (id, name, parent_category_id) values (26, 'Granite Surfaces', null);
insert into product_category (id, name, parent_category_id) values (27, 'Rebar & Wire Mesh Install', null);
insert into product_category (id, name, parent_category_id) values (28, 'Structural & Misc Steel Erection', null);
insert into product_category (id, name, parent_category_id) values (29, 'Marlite Panels (FED)', null);
insert into product_category (id, name, parent_category_id) values (30, 'RF Shielding', null);
insert into product_category (id, name, parent_category_id) values (31, 'Epoxy Flooring', null);
insert into product_category (id, name, parent_category_id) values (32, 'Electrical and Fire Alarm', 32);
insert into product_category (id, name, parent_category_id) values (33, 'Overhead Doors', null);
insert into product_category (id, name, parent_category_id) values (34, 'Painting & Vinyl Wall Covering', 34);
insert into product_category (id, name, parent_category_id) values (35, 'Rebar & Wire Mesh Install', null);
insert into product_category (id, name, parent_category_id) values (36, 'Marlite Panels (FED)', 36);
insert into product_category (id, name, parent_category_id) values (37, 'Painting & Vinyl Wall Covering', 37);
insert into product_category (id, name, parent_category_id) values (38, 'Framing (Wood)', null);
insert into product_category (id, name, parent_category_id) values (39, 'Overhead Doors', null);
insert into product_category (id, name, parent_category_id) values (40, 'EIFS', 40);
insert into product_category (id, name, parent_category_id) values (41, 'Overhead Doors', null);
insert into product_category (id, name, parent_category_id) values (42, 'Curb & Gutter', null);
insert into product_category (id, name, parent_category_id) values (43, 'Exterior Signage', 43);
insert into product_category (id, name, parent_category_id) values (44, 'Masonry', null);
insert into product_category (id, name, parent_category_id) values (45, 'Structural and Misc Steel (Fabrication)', 45);
insert into product_category (id, name, parent_category_id) values (46, 'Framing (Steel)', 46);
insert into product_category (id, name, parent_category_id) values (47, 'Wall Protection', 47);
insert into product_category (id, name, parent_category_id) values (48, 'Site Furnishings', 48);
insert into product_category (id, name, parent_category_id) values (49, 'Drilled Shafts', null);
insert into product_category (id, name, parent_category_id) values (50, 'Roofing (Asphalt)', null);
insert into product_category (id, name, parent_category_id) values (51, 'Roofing (Asphalt)', 51);
insert into product_category (id, name, parent_category_id) values (52, 'Wall Protection', 52);
insert into product_category (id, name, parent_category_id) values (53, 'Doors, Frames & Hardware', null);
insert into product_category (id, name, parent_category_id) values (54, 'Rebar & Wire Mesh Install', null);
insert into product_category (id, name, parent_category_id) values (55, 'Structural and Misc Steel (Fabrication)', null);
insert into product_category (id, name, parent_category_id) values (56, 'Electrical and Fire Alarm', null);
insert into product_category (id, name, parent_category_id) values (57, 'Termite Control', null);
insert into product_category (id, name, parent_category_id) values (58, 'Fire Protection', 58);
insert into product_category (id, name, parent_category_id) values (59, 'Drywall & Acoustical (MOB)', 59);
insert into product_category (id, name, parent_category_id) values (60, 'Electrical', 60);
insert into product_category (id, name, parent_category_id) values (61, 'Retaining Wall and Brick Pavers', null);
insert into product_category (id, name, parent_category_id) values (62, 'Asphalt Paving', null);
insert into product_category (id, name, parent_category_id) values (63, 'Fire Sprinkler System', 63);
insert into product_category (id, name, parent_category_id) values (64, 'Exterior Signage', 64);
insert into product_category (id, name, parent_category_id) values (65, 'Landscaping & Irrigation', null);
insert into product_category (id, name, parent_category_id) values (66, 'Waterproofing & Caulking', null);
insert into product_category (id, name, parent_category_id) values (67, 'Structural and Misc Steel (Fabrication)', 67);
insert into product_category (id, name, parent_category_id) values (68, 'Site Furnishings', 68);
insert into product_category (id, name, parent_category_id) values (69, 'Landscaping & Irrigation', 69);
insert into product_category (id, name, parent_category_id) values (70, 'Drilled Shafts', 70);
insert into product_category (id, name, parent_category_id) values (71, 'Temp Fencing, Decorative Fencing and Gates', null);
insert into product_category (id, name, parent_category_id) values (72, 'Temp Fencing, Decorative Fencing and Gates', null);
insert into product_category (id, name, parent_category_id) values (73, 'Framing (Steel)', null);
insert into product_category (id, name, parent_category_id) values (74, 'Soft Flooring and Base', null);
insert into product_category (id, name, parent_category_id) values (75, 'Drywall & Acoustical (FED)', null);
insert into product_category (id, name, parent_category_id) values (76, 'Marlite Panels (FED)', 76);
insert into product_category (id, name, parent_category_id) values (77, 'Masonry & Precast', 77);
insert into product_category (id, name, parent_category_id) values (78, 'Temp Fencing, Decorative Fencing and Gates', null);
insert into product_category (id, name, parent_category_id) values (79, 'Rebar & Wire Mesh Install', null);
insert into product_category (id, name, parent_category_id) values (80, 'Construction Clean and Final Clean', 80);
insert into product_category (id, name, parent_category_id) values (81, 'Roofing (Metal)', 81);
insert into product_category (id, name, parent_category_id) values (82, 'Curb & Gutter', null);
insert into product_category (id, name, parent_category_id) values (83, 'Drywall & Acoustical (FED)', 83);
insert into product_category (id, name, parent_category_id) values (84, 'Drywall & Acoustical (FED)', null);
insert into product_category (id, name, parent_category_id) values (85, 'Glass & Glazing', null);
insert into product_category (id, name, parent_category_id) values (86, 'Termite Control', 86);
insert into product_category (id, name, parent_category_id) values (87, 'Drilled Shafts', null);
insert into product_category (id, name, parent_category_id) values (88, 'Drywall & Acoustical (MOB)', 88);
insert into product_category (id, name, parent_category_id) values (89, 'Curb & Gutter', null);
insert into product_category (id, name, parent_category_id) values (90, 'Electrical and Fire Alarm', null);
insert into product_category (id, name, parent_category_id) values (91, 'Fire Protection', 91);
insert into product_category (id, name, parent_category_id) values (92, 'Drilled Shafts', null);
insert into product_category (id, name, parent_category_id) values (93, 'Rebar & Wire Mesh Install', null);
insert into product_category (id, name, parent_category_id) values (94, 'Curb & Gutter', null);
insert into product_category (id, name, parent_category_id) values (95, 'Electrical and Fire Alarm', null);
insert into product_category (id, name, parent_category_id) values (96, 'Elevator', null);
insert into product_category (id, name, parent_category_id) values (97, 'Casework', 97);
insert into product_category (id, name, parent_category_id) values (98, 'Rebar & Wire Mesh Install', null);
insert into product_category (id, name, parent_category_id) values (99, 'Overhead Doors', null);
insert into product_category (id, name, parent_category_id) values (100, 'Wall Protection', 100);

insert into product (id, sku, product_category_id, name, price, description) values (1, '1739497449', 1, 'Iced Tea - Lemon, 460 Ml', '$623.42', 'Quisque id justo sit amet sapien dignissim vestibulum. Vestibulum ante ipsum primis in faucibus orci luctus et ultrices posuere cubilia Curae; Nulla dapibus dolor vel est. Donec odio justo, sollicitudin ut, suscipit a, feugiat et, eros.

Vestibulum ac est lacinia nisi venenatis tristique. Fusce congue, diam id ornare imperdiet, sapien urna pretium nisl, ut volutpat sapien arcu sed augue. Aliquam erat volutpat.

In congue. Etiam justo. Etiam pretium iaculis justo.');
insert into product (id, sku, product_category_id, name, price, description) values (2, '8620096656', 2, 'Straws - Cocktale', '$797.67', 'Nulla ut erat id mauris vulputate elementum. Nullam varius. Nulla facilisi.');
insert into product (id, sku, product_category_id, name, price, description) values (3, '8023956922', 3, 'Mustard - Seed', '$938.53', 'Curabitur at ipsum ac tellus semper interdum. Mauris ullamcorper purus sit amet nulla. Quisque arcu libero, rutrum ac, lobortis vel, dapibus at, diam.');
insert into product (id, sku, product_category_id, name, price, description) values (4, '8316296608', 4, 'Cardamon Ground', '$513.70', 'Aenean lectus. Pellentesque eget nunc. Donec quis orci eget orci vehicula condimentum.

Curabitur in libero ut massa volutpat convallis. Morbi odio odio, elementum eu, interdum eu, tincidunt in, leo. Maecenas pulvinar lobortis est.

Phasellus sit amet erat. Nulla tempus. Vivamus in felis eu sapien cursus vestibulum.');
insert into product (id, sku, product_category_id, name, price, description) values (5, '8395473028', 5, 'Nestea - Iced Tea', '$453.98', 'Pellentesque at nulla. Suspendisse potenti. Cras in purus eu magna vulputate luctus.

Cum sociis natoque penatibus et magnis dis parturient montes, nascetur ridiculus mus. Vivamus vestibulum sagittis sapien. Cum sociis natoque penatibus et magnis dis parturient montes, nascetur ridiculus mus.');
insert into product (id, sku, product_category_id, name, price, description) values (6, '7605667477', 6, 'Bagels Poppyseed', '$785.10', 'Quisque id justo sit amet sapien dignissim vestibulum. Vestibulum ante ipsum primis in faucibus orci luctus et ultrices posuere cubilia Curae; Nulla dapibus dolor vel est. Donec odio justo, sollicitudin ut, suscipit a, feugiat et, eros.

Vestibulum ac est lacinia nisi venenatis tristique. Fusce congue, diam id ornare imperdiet, sapien urna pretium nisl, ut volutpat sapien arcu sed augue. Aliquam erat volutpat.');
insert into product (id, sku, product_category_id, name, price, description) values (7, '3587938970', 7, 'Jerusalem Artichoke', '$615.91', 'Curabitur in libero ut massa volutpat convallis. Morbi odio odio, elementum eu, interdum eu, tincidunt in, leo. Maecenas pulvinar lobortis est.

Phasellus sit amet erat. Nulla tempus. Vivamus in felis eu sapien cursus vestibulum.

Proin eu mi. Nulla ac enim. In tempor, turpis nec euismod scelerisque, quam turpis adipiscing lorem, vitae mattis nibh ligula nec sem.');
insert into product (id, sku, product_category_id, name, price, description) values (8, '7204340493', 8, 'Table Cloth 91x91 Colour', '$114.66', 'Mauris enim leo, rhoncus sed, vestibulum sit amet, cursus id, turpis. Integer aliquet, massa id lobortis convallis, tortor risus dapibus augue, vel accumsan tellus nisi eu orci. Mauris lacinia sapien quis libero.

Nullam sit amet turpis elementum ligula vehicula consequat. Morbi a ipsum. Integer a nibh.');
insert into product (id, sku, product_category_id, name, price, description) values (9, '0436406446', 9, 'Juice - Orange, 341 Ml', '$833.97', 'Duis consequat dui nec nisi volutpat eleifend. Donec ut dolor. Morbi vel lectus in quam fringilla rhoncus.

Mauris enim leo, rhoncus sed, vestibulum sit amet, cursus id, turpis. Integer aliquet, massa id lobortis convallis, tortor risus dapibus augue, vel accumsan tellus nisi eu orci. Mauris lacinia sapien quis libero.');
insert into product (id, sku, product_category_id, name, price, description) values (10, '8018800448', 10, 'Crab - Back Fin Meat, Canned', '$709.95', 'Integer tincidunt ante vel ipsum. Praesent blandit lacinia erat. Vestibulum sed magna at nunc commodo placerat.

Praesent blandit. Nam nulla. Integer pede justo, lacinia eget, tincidunt eget, tempus vel, pede.');
insert into product (id, sku, product_category_id, name, price, description) values (11, '3230077415', 11, 'Papadam', '$215.53', 'Cras non velit nec nisi vulputate nonummy. Maecenas tincidunt lacus at velit. Vivamus vel nulla eget eros elementum pellentesque.

Quisque porta volutpat erat. Quisque erat eros, viverra eget, congue eget, semper rutrum, nulla. Nunc purus.');
insert into product (id, sku, product_category_id, name, price, description) values (12, '4555608356', 12, 'Butter - Unsalted', '$232.47', 'Phasellus in felis. Donec semper sapien a libero. Nam dui.

Proin leo odio, porttitor id, consequat in, consequat ut, nulla. Sed accumsan felis. Ut at dolor quis odio consequat varius.

Integer ac leo. Pellentesque ultrices mattis odio. Donec vitae nisi.');
insert into product (id, sku, product_category_id, name, price, description) values (13, '7209715614', 13, 'Bread Fig And Almond', '$657.60', 'Pellentesque at nulla. Suspendisse potenti. Cras in purus eu magna vulputate luctus.');
insert into product (id, sku, product_category_id, name, price, description) values (14, '3730854216', 14, 'Bread - Rye', '$474.22', 'In quis justo. Maecenas rhoncus aliquam lacus. Morbi quis tortor id nulla ultrices aliquet.

Maecenas leo odio, condimentum id, luctus nec, molestie sed, justo. Pellentesque viverra pede ac diam. Cras pellentesque volutpat dui.');
insert into product (id, sku, product_category_id, name, price, description) values (15, '1939501377', 15, 'Beans - Butter Lrg Lima', '$133.36', 'Phasellus sit amet erat. Nulla tempus. Vivamus in felis eu sapien cursus vestibulum.

Proin eu mi. Nulla ac enim. In tempor, turpis nec euismod scelerisque, quam turpis adipiscing lorem, vitae mattis nibh ligula nec sem.');
insert into product (id, sku, product_category_id, name, price, description) values (16, '1229335501', 16, 'Broom - Push', '$889.21', 'Fusce posuere felis sed lacus. Morbi sem mauris, laoreet ut, rhoncus aliquet, pulvinar sed, nisl. Nunc rhoncus dui vel sem.

Sed sagittis. Nam congue, risus semper porta volutpat, quam pede lobortis ligula, sit amet eleifend pede libero quis orci. Nullam molestie nibh in lectus.

Pellentesque at nulla. Suspendisse potenti. Cras in purus eu magna vulputate luctus.');
insert into product (id, sku, product_category_id, name, price, description) values (17, '5314508028', 17, 'Tortillas - Flour, 12', '$256.59', 'Fusce posuere felis sed lacus. Morbi sem mauris, laoreet ut, rhoncus aliquet, pulvinar sed, nisl. Nunc rhoncus dui vel sem.');
insert into product (id, sku, product_category_id, name, price, description) values (18, '1260524248', 18, 'Pork - Hock And Feet Attached', '$827.92', 'Maecenas tristique, est et tempus semper, est quam pharetra magna, ac consequat metus sapien ut nunc. Vestibulum ante ipsum primis in faucibus orci luctus et ultrices posuere cubilia Curae; Mauris viverra diam vitae quam. Suspendisse potenti.

Nullam porttitor lacus at turpis. Donec posuere metus vitae ipsum. Aliquam non mauris.');
insert into product (id, sku, product_category_id, name, price, description) values (19, '5219533428', 19, 'Nutmeg - Ground', '$56.02', 'Nullam sit amet turpis elementum ligula vehicula consequat. Morbi a ipsum. Integer a nibh.

In quis justo. Maecenas rhoncus aliquam lacus. Morbi quis tortor id nulla ultrices aliquet.

Maecenas leo odio, condimentum id, luctus nec, molestie sed, justo. Pellentesque viverra pede ac diam. Cras pellentesque volutpat dui.');
insert into product (id, sku, product_category_id, name, price, description) values (20, '7109574164', 20, 'Quail - Whole, Bone - In', '$947.59', 'Vestibulum ac est lacinia nisi venenatis tristique. Fusce congue, diam id ornare imperdiet, sapien urna pretium nisl, ut volutpat sapien arcu sed augue. Aliquam erat volutpat.

In congue. Etiam justo. Etiam pretium iaculis justo.

In hac habitasse platea dictumst. Etiam faucibus cursus urna. Ut tellus.');
insert into product (id, sku, product_category_id, name, price, description) values (21, '7824989933', 21, 'Pasta - Lasagna Noodle, Frozen', '$369.15', 'Pellentesque at nulla. Suspendisse potenti. Cras in purus eu magna vulputate luctus.

Cum sociis natoque penatibus et magnis dis parturient montes, nascetur ridiculus mus. Vivamus vestibulum sagittis sapien. Cum sociis natoque penatibus et magnis dis parturient montes, nascetur ridiculus mus.');
insert into product (id, sku, product_category_id, name, price, description) values (22, '4567247981', 22, 'Pepper - Black, Whole', '$524.31', 'Integer tincidunt ante vel ipsum. Praesent blandit lacinia erat. Vestibulum sed magna at nunc commodo placerat.');
insert into product (id, sku, product_category_id, name, price, description) values (23, '8070050705', 23, 'Wine - Magnotta - Cab Franc', '$272.31', 'Vestibulum ac est lacinia nisi venenatis tristique. Fusce congue, diam id ornare imperdiet, sapien urna pretium nisl, ut volutpat sapien arcu sed augue. Aliquam erat volutpat.');
insert into product (id, sku, product_category_id, name, price, description) values (24, '0037287737', 24, 'Bread Base - Italian', '$382.91', 'Pellentesque at nulla. Suspendisse potenti. Cras in purus eu magna vulputate luctus.');
insert into product (id, sku, product_category_id, name, price, description) values (25, '1834665876', 25, 'Beer - Steamwhistle', '$682.08', 'Proin eu mi. Nulla ac enim. In tempor, turpis nec euismod scelerisque, quam turpis adipiscing lorem, vitae mattis nibh ligula nec sem.

Duis aliquam convallis nunc. Proin at turpis a pede posuere nonummy. Integer non velit.

Donec diam neque, vestibulum eget, vulputate ut, ultrices vel, augue. Vestibulum ante ipsum primis in faucibus orci luctus et ultrices posuere cubilia Curae; Donec pharetra, magna vestibulum aliquet ultrices, erat tortor sollicitudin mi, sit amet lobortis sapien sapien non mi. Integer ac neque.');
insert into product (id, sku, product_category_id, name, price, description) values (26, '6063842101', 26, 'French Kiss Vanilla', '$152.88', 'Cum sociis natoque penatibus et magnis dis parturient montes, nascetur ridiculus mus. Vivamus vestibulum sagittis sapien. Cum sociis natoque penatibus et magnis dis parturient montes, nascetur ridiculus mus.');
insert into product (id, sku, product_category_id, name, price, description) values (27, '7595939410', 27, 'Yogurt - Cherry, 175 Gr', '$478.80', 'In sagittis dui vel nisl. Duis ac nibh. Fusce lacus purus, aliquet at, feugiat non, pretium quis, lectus.');
insert into product (id, sku, product_category_id, name, price, description) values (28, '9584427156', 28, 'Bacardi Breezer - Tropical', '$325.52', 'Cras non velit nec nisi vulputate nonummy. Maecenas tincidunt lacus at velit. Vivamus vel nulla eget eros elementum pellentesque.

Quisque porta volutpat erat. Quisque erat eros, viverra eget, congue eget, semper rutrum, nulla. Nunc purus.');
insert into product (id, sku, product_category_id, name, price, description) values (29, '8172839642', 29, 'Magnotta - Bel Paese White', '$868.95', 'Cras mi pede, malesuada in, imperdiet et, commodo vulputate, justo. In blandit ultrices enim. Lorem ipsum dolor sit amet, consectetuer adipiscing elit.');
insert into product (id, sku, product_category_id, name, price, description) values (30, '5265967486', 30, 'Temperature Recording Station', '$270.34', 'Maecenas ut massa quis augue luctus tincidunt. Nulla mollis molestie lorem. Quisque ut erat.');
insert into product (id, sku, product_category_id, name, price, description) values (31, '5415802401', 31, 'Kahlua', '$65.90', 'Proin interdum mauris non ligula pellentesque ultrices. Phasellus id sapien in sapien iaculis congue. Vivamus metus arcu, adipiscing molestie, hendrerit at, vulputate vitae, nisl.');
insert into product (id, sku, product_category_id, name, price, description) values (32, '8214312779', 32, 'Soup - Campbells, Lentil', '$544.01', 'Nullam porttitor lacus at turpis. Donec posuere metus vitae ipsum. Aliquam non mauris.

Morbi non lectus. Aliquam sit amet diam in magna bibendum imperdiet. Nullam orci pede, venenatis non, sodales sed, tincidunt eu, felis.

Fusce posuere felis sed lacus. Morbi sem mauris, laoreet ut, rhoncus aliquet, pulvinar sed, nisl. Nunc rhoncus dui vel sem.');
insert into product (id, sku, product_category_id, name, price, description) values (33, '2728163022', 33, 'Veal - Brisket, Provimi, Bone - In', '$945.23', 'Cras mi pede, malesuada in, imperdiet et, commodo vulputate, justo. In blandit ultrices enim. Lorem ipsum dolor sit amet, consectetuer adipiscing elit.');
insert into product (id, sku, product_category_id, name, price, description) values (34, '6104900828', 34, 'Bananas', '$922.10', 'Duis bibendum. Morbi non quam nec dui luctus rutrum. Nulla tellus.

In sagittis dui vel nisl. Duis ac nibh. Fusce lacus purus, aliquet at, feugiat non, pretium quis, lectus.

Suspendisse potenti. In eleifend quam a odio. In hac habitasse platea dictumst.');
insert into product (id, sku, product_category_id, name, price, description) values (35, '3732645002', 35, 'Cheese - Parmesan Cubes', '$610.73', 'In congue. Etiam justo. Etiam pretium iaculis justo.

In hac habitasse platea dictumst. Etiam faucibus cursus urna. Ut tellus.

Nulla ut erat id mauris vulputate elementum. Nullam varius. Nulla facilisi.');
insert into product (id, sku, product_category_id, name, price, description) values (36, '1320421342', 36, 'Kaffir Lime Leaves', '$418.57', 'Maecenas tristique, est et tempus semper, est quam pharetra magna, ac consequat metus sapien ut nunc. Vestibulum ante ipsum primis in faucibus orci luctus et ultrices posuere cubilia Curae; Mauris viverra diam vitae quam. Suspendisse potenti.');
insert into product (id, sku, product_category_id, name, price, description) values (37, '4568981956', 37, 'Cumin - Whole', '$309.48', 'Duis consequat dui nec nisi volutpat eleifend. Donec ut dolor. Morbi vel lectus in quam fringilla rhoncus.

Mauris enim leo, rhoncus sed, vestibulum sit amet, cursus id, turpis. Integer aliquet, massa id lobortis convallis, tortor risus dapibus augue, vel accumsan tellus nisi eu orci. Mauris lacinia sapien quis libero.');
insert into product (id, sku, product_category_id, name, price, description) values (38, '2989048316', 38, 'Lid Coffeecup 12oz D9542b', '$326.98', 'Curabitur at ipsum ac tellus semper interdum. Mauris ullamcorper purus sit amet nulla. Quisque arcu libero, rutrum ac, lobortis vel, dapibus at, diam.');
insert into product (id, sku, product_category_id, name, price, description) values (39, '6722132919', 39, 'Beer - Paulaner Hefeweisse', '$774.85', 'Donec diam neque, vestibulum eget, vulputate ut, ultrices vel, augue. Vestibulum ante ipsum primis in faucibus orci luctus et ultrices posuere cubilia Curae; Donec pharetra, magna vestibulum aliquet ultrices, erat tortor sollicitudin mi, sit amet lobortis sapien sapien non mi. Integer ac neque.

Duis bibendum. Morbi non quam nec dui luctus rutrum. Nulla tellus.

In sagittis dui vel nisl. Duis ac nibh. Fusce lacus purus, aliquet at, feugiat non, pretium quis, lectus.');
insert into product (id, sku, product_category_id, name, price, description) values (40, '3718795582', 40, 'Paper Towel Touchless', '$975.13', 'Sed ante. Vivamus tortor. Duis mattis egestas metus.');
insert into product (id, sku, product_category_id, name, price, description) values (41, '7312321844', 41, 'Wine - Masi Valpolocell', '$296.36', 'Sed sagittis. Nam congue, risus semper porta volutpat, quam pede lobortis ligula, sit amet eleifend pede libero quis orci. Nullam molestie nibh in lectus.

Pellentesque at nulla. Suspendisse potenti. Cras in purus eu magna vulputate luctus.

Cum sociis natoque penatibus et magnis dis parturient montes, nascetur ridiculus mus. Vivamus vestibulum sagittis sapien. Cum sociis natoque penatibus et magnis dis parturient montes, nascetur ridiculus mus.');
insert into product (id, sku, product_category_id, name, price, description) values (42, '6987218617', 42, 'The Pop Shoppe - Root Beer', '$871.80', 'Proin eu mi. Nulla ac enim. In tempor, turpis nec euismod scelerisque, quam turpis adipiscing lorem, vitae mattis nibh ligula nec sem.

Duis aliquam convallis nunc. Proin at turpis a pede posuere nonummy. Integer non velit.

Donec diam neque, vestibulum eget, vulputate ut, ultrices vel, augue. Vestibulum ante ipsum primis in faucibus orci luctus et ultrices posuere cubilia Curae; Donec pharetra, magna vestibulum aliquet ultrices, erat tortor sollicitudin mi, sit amet lobortis sapien sapien non mi. Integer ac neque.');
insert into product (id, sku, product_category_id, name, price, description) values (43, '2134408189', 43, 'Containter - 3oz Microwave Rect.', '$32.23', 'In quis justo. Maecenas rhoncus aliquam lacus. Morbi quis tortor id nulla ultrices aliquet.');
insert into product (id, sku, product_category_id, name, price, description) values (44, '6261348510', 44, 'Cookies Oatmeal Raisin', '$779.47', 'In congue. Etiam justo. Etiam pretium iaculis justo.

In hac habitasse platea dictumst. Etiam faucibus cursus urna. Ut tellus.');
insert into product (id, sku, product_category_id, name, price, description) values (45, '4798788406', 45, 'Beer - Sleemans Cream Ale', '$450.83', 'Cras mi pede, malesuada in, imperdiet et, commodo vulputate, justo. In blandit ultrices enim. Lorem ipsum dolor sit amet, consectetuer adipiscing elit.

Proin interdum mauris non ligula pellentesque ultrices. Phasellus id sapien in sapien iaculis congue. Vivamus metus arcu, adipiscing molestie, hendrerit at, vulputate vitae, nisl.

Aenean lectus. Pellentesque eget nunc. Donec quis orci eget orci vehicula condimentum.');
insert into product (id, sku, product_category_id, name, price, description) values (46, '8974911973', 46, 'Cheese - Manchego, Spanish', '$798.54', 'Nullam porttitor lacus at turpis. Donec posuere metus vitae ipsum. Aliquam non mauris.

Morbi non lectus. Aliquam sit amet diam in magna bibendum imperdiet. Nullam orci pede, venenatis non, sodales sed, tincidunt eu, felis.

Fusce posuere felis sed lacus. Morbi sem mauris, laoreet ut, rhoncus aliquet, pulvinar sed, nisl. Nunc rhoncus dui vel sem.');
insert into product (id, sku, product_category_id, name, price, description) values (47, '3285806451', 47, 'Tray - Foam, Square 4 - S', '$855.55', 'Morbi porttitor lorem id ligula. Suspendisse ornare consequat lectus. In est risus, auctor sed, tristique in, tempus sit amet, sem.

Fusce consequat. Nulla nisl. Nunc nisl.

Duis bibendum, felis sed interdum venenatis, turpis enim blandit mi, in porttitor pede justo eu massa. Donec dapibus. Duis at velit eu est congue elementum.');
insert into product (id, sku, product_category_id, name, price, description) values (48, '2753849447', 48, 'Wine - Vidal Icewine Magnotta', '$130.97', 'Quisque id justo sit amet sapien dignissim vestibulum. Vestibulum ante ipsum primis in faucibus orci luctus et ultrices posuere cubilia Curae; Nulla dapibus dolor vel est. Donec odio justo, sollicitudin ut, suscipit a, feugiat et, eros.');
insert into product (id, sku, product_category_id, name, price, description) values (49, '7954775828', 49, 'Garlic - Peeled', '$62.16', 'Fusce posuere felis sed lacus. Morbi sem mauris, laoreet ut, rhoncus aliquet, pulvinar sed, nisl. Nunc rhoncus dui vel sem.');
insert into product (id, sku, product_category_id, name, price, description) values (50, '0431690669', 50, 'Beef - Flank Steak', '$94.47', 'Morbi non lectus. Aliquam sit amet diam in magna bibendum imperdiet. Nullam orci pede, venenatis non, sodales sed, tincidunt eu, felis.

Fusce posuere felis sed lacus. Morbi sem mauris, laoreet ut, rhoncus aliquet, pulvinar sed, nisl. Nunc rhoncus dui vel sem.

Sed sagittis. Nam congue, risus semper porta volutpat, quam pede lobortis ligula, sit amet eleifend pede libero quis orci. Nullam molestie nibh in lectus.');
insert into product (id, sku, product_category_id, name, price, description) values (51, '9265338962', 51, 'Tuna - Yellowfin', '$54.60', 'Proin leo odio, porttitor id, consequat in, consequat ut, nulla. Sed accumsan felis. Ut at dolor quis odio consequat varius.

Integer ac leo. Pellentesque ultrices mattis odio. Donec vitae nisi.');
insert into product (id, sku, product_category_id, name, price, description) values (52, '7453503639', 52, 'Bar - Sweet And Salty Chocolate', '$34.63', 'Duis bibendum. Morbi non quam nec dui luctus rutrum. Nulla tellus.

In sagittis dui vel nisl. Duis ac nibh. Fusce lacus purus, aliquet at, feugiat non, pretium quis, lectus.');
insert into product (id, sku, product_category_id, name, price, description) values (53, '5444882051', 53, 'Ice - Clear, 300 Lb For Carving', '$878.49', 'Duis aliquam convallis nunc. Proin at turpis a pede posuere nonummy. Integer non velit.');
insert into product (id, sku, product_category_id, name, price, description) values (54, '4688888953', 54, 'Tuna - Sushi Grade', '$71.16', 'Proin eu mi. Nulla ac enim. In tempor, turpis nec euismod scelerisque, quam turpis adipiscing lorem, vitae mattis nibh ligula nec sem.

Duis aliquam convallis nunc. Proin at turpis a pede posuere nonummy. Integer non velit.

Donec diam neque, vestibulum eget, vulputate ut, ultrices vel, augue. Vestibulum ante ipsum primis in faucibus orci luctus et ultrices posuere cubilia Curae; Donec pharetra, magna vestibulum aliquet ultrices, erat tortor sollicitudin mi, sit amet lobortis sapien sapien non mi. Integer ac neque.');
insert into product (id, sku, product_category_id, name, price, description) values (55, '6191722230', 55, 'Cake Circle, Paprus', '$353.21', 'Phasellus sit amet erat. Nulla tempus. Vivamus in felis eu sapien cursus vestibulum.

Proin eu mi. Nulla ac enim. In tempor, turpis nec euismod scelerisque, quam turpis adipiscing lorem, vitae mattis nibh ligula nec sem.

Duis aliquam convallis nunc. Proin at turpis a pede posuere nonummy. Integer non velit.');
insert into product (id, sku, product_category_id, name, price, description) values (56, '2839050579', 56, 'Wine - Maipo Valle Cabernet', '$601.66', 'Duis bibendum. Morbi non quam nec dui luctus rutrum. Nulla tellus.');
insert into product (id, sku, product_category_id, name, price, description) values (57, '9418901838', 57, 'Triple Sec - Mcguinness', '$478.05', 'Suspendisse potenti. In eleifend quam a odio. In hac habitasse platea dictumst.');
insert into product (id, sku, product_category_id, name, price, description) values (58, '1869515366', 58, 'Passion Fruit', '$215.24', 'Nulla ut erat id mauris vulputate elementum. Nullam varius. Nulla facilisi.

Cras non velit nec nisi vulputate nonummy. Maecenas tincidunt lacus at velit. Vivamus vel nulla eget eros elementum pellentesque.

Quisque porta volutpat erat. Quisque erat eros, viverra eget, congue eget, semper rutrum, nulla. Nunc purus.');
insert into product (id, sku, product_category_id, name, price, description) values (59, '2183013850', 59, 'Cheese - Camembert', '$850.33', 'Duis bibendum. Morbi non quam nec dui luctus rutrum. Nulla tellus.

In sagittis dui vel nisl. Duis ac nibh. Fusce lacus purus, aliquet at, feugiat non, pretium quis, lectus.');
insert into product (id, sku, product_category_id, name, price, description) values (60, '0387356045', 60, 'Baking Powder', '$301.58', 'Aenean fermentum. Donec ut mauris eget massa tempor convallis. Nulla neque libero, convallis eget, eleifend luctus, ultricies eu, nibh.

Quisque id justo sit amet sapien dignissim vestibulum. Vestibulum ante ipsum primis in faucibus orci luctus et ultrices posuere cubilia Curae; Nulla dapibus dolor vel est. Donec odio justo, sollicitudin ut, suscipit a, feugiat et, eros.

Vestibulum ac est lacinia nisi venenatis tristique. Fusce congue, diam id ornare imperdiet, sapien urna pretium nisl, ut volutpat sapien arcu sed augue. Aliquam erat volutpat.');
insert into product (id, sku, product_category_id, name, price, description) values (61, '5138837435', 61, 'Irish Cream - Butterscotch', '$782.40', 'Lorem ipsum dolor sit amet, consectetuer adipiscing elit. Proin risus. Praesent lectus.');
insert into product (id, sku, product_category_id, name, price, description) values (62, '6231676439', 62, 'Browning Caramel Glace', '$708.85', 'Nulla ut erat id mauris vulputate elementum. Nullam varius. Nulla facilisi.

Cras non velit nec nisi vulputate nonummy. Maecenas tincidunt lacus at velit. Vivamus vel nulla eget eros elementum pellentesque.');
insert into product (id, sku, product_category_id, name, price, description) values (63, '9296108136', 63, 'Water - Evian 355 Ml', '$327.41', 'Maecenas ut massa quis augue luctus tincidunt. Nulla mollis molestie lorem. Quisque ut erat.

Curabitur gravida nisi at nibh. In hac habitasse platea dictumst. Aliquam augue quam, sollicitudin vitae, consectetuer eget, rutrum at, lorem.');
insert into product (id, sku, product_category_id, name, price, description) values (64, '6223955677', 64, 'Quinoa', '$238.27', 'Aenean lectus. Pellentesque eget nunc. Donec quis orci eget orci vehicula condimentum.

Curabitur in libero ut massa volutpat convallis. Morbi odio odio, elementum eu, interdum eu, tincidunt in, leo. Maecenas pulvinar lobortis est.

Phasellus sit amet erat. Nulla tempus. Vivamus in felis eu sapien cursus vestibulum.');
insert into product (id, sku, product_category_id, name, price, description) values (65, '9456928470', 65, 'Crawfish', '$542.41', 'Integer ac leo. Pellentesque ultrices mattis odio. Donec vitae nisi.

Nam ultrices, libero non mattis pulvinar, nulla pede ullamcorper augue, a suscipit nulla elit ac nulla. Sed vel enim sit amet nunc viverra dapibus. Nulla suscipit ligula in lacus.');
insert into product (id, sku, product_category_id, name, price, description) values (66, '1066221286', 66, 'Longos - Greek Salad', '$618.25', 'Fusce consequat. Nulla nisl. Nunc nisl.');
insert into product (id, sku, product_category_id, name, price, description) values (67, '2048669352', 67, 'Veal - Inside Round / Top, Lean', '$377.11', 'Aenean fermentum. Donec ut mauris eget massa tempor convallis. Nulla neque libero, convallis eget, eleifend luctus, ultricies eu, nibh.

Quisque id justo sit amet sapien dignissim vestibulum. Vestibulum ante ipsum primis in faucibus orci luctus et ultrices posuere cubilia Curae; Nulla dapibus dolor vel est. Donec odio justo, sollicitudin ut, suscipit a, feugiat et, eros.');
insert into product (id, sku, product_category_id, name, price, description) values (68, '4074336138', 68, 'Puree - Passion Fruit', '$194.35', 'Duis bibendum. Morbi non quam nec dui luctus rutrum. Nulla tellus.

In sagittis dui vel nisl. Duis ac nibh. Fusce lacus purus, aliquet at, feugiat non, pretium quis, lectus.

Suspendisse potenti. In eleifend quam a odio. In hac habitasse platea dictumst.');
insert into product (id, sku, product_category_id, name, price, description) values (69, '8626038011', 69, 'Flour - Chickpea', '$758.82', 'Cras mi pede, malesuada in, imperdiet et, commodo vulputate, justo. In blandit ultrices enim. Lorem ipsum dolor sit amet, consectetuer adipiscing elit.');
insert into product (id, sku, product_category_id, name, price, description) values (70, '7346800346', 70, 'Oats Large Flake', '$979.63', 'Cras mi pede, malesuada in, imperdiet et, commodo vulputate, justo. In blandit ultrices enim. Lorem ipsum dolor sit amet, consectetuer adipiscing elit.');
insert into product (id, sku, product_category_id, name, price, description) values (71, '4819343254', 71, 'Tomato - Tricolor Cherry', '$516.09', 'Sed sagittis. Nam congue, risus semper porta volutpat, quam pede lobortis ligula, sit amet eleifend pede libero quis orci. Nullam molestie nibh in lectus.

Pellentesque at nulla. Suspendisse potenti. Cras in purus eu magna vulputate luctus.

Cum sociis natoque penatibus et magnis dis parturient montes, nascetur ridiculus mus. Vivamus vestibulum sagittis sapien. Cum sociis natoque penatibus et magnis dis parturient montes, nascetur ridiculus mus.');
insert into product (id, sku, product_category_id, name, price, description) values (72, '9484080138', 72, 'Butcher Twine 4r', '$387.58', 'Nulla ut erat id mauris vulputate elementum. Nullam varius. Nulla facilisi.');
insert into product (id, sku, product_category_id, name, price, description) values (73, '5357443637', 73, 'Pasta - Orecchiette', '$829.66', 'Proin interdum mauris non ligula pellentesque ultrices. Phasellus id sapien in sapien iaculis congue. Vivamus metus arcu, adipiscing molestie, hendrerit at, vulputate vitae, nisl.');
insert into product (id, sku, product_category_id, name, price, description) values (74, '5893562259', 74, 'Bread Base - Goodhearth', '$521.71', 'Mauris enim leo, rhoncus sed, vestibulum sit amet, cursus id, turpis. Integer aliquet, massa id lobortis convallis, tortor risus dapibus augue, vel accumsan tellus nisi eu orci. Mauris lacinia sapien quis libero.');
insert into product (id, sku, product_category_id, name, price, description) values (75, '2944417193', 75, 'Lettuce - Iceberg', '$318.42', 'Praesent blandit. Nam nulla. Integer pede justo, lacinia eget, tincidunt eget, tempus vel, pede.

Morbi porttitor lorem id ligula. Suspendisse ornare consequat lectus. In est risus, auctor sed, tristique in, tempus sit amet, sem.');
insert into product (id, sku, product_category_id, name, price, description) values (76, '4768853757', 76, 'Arctic Char - Fresh, Whole', '$289.27', 'Duis bibendum. Morbi non quam nec dui luctus rutrum. Nulla tellus.

In sagittis dui vel nisl. Duis ac nibh. Fusce lacus purus, aliquet at, feugiat non, pretium quis, lectus.

Suspendisse potenti. In eleifend quam a odio. In hac habitasse platea dictumst.');
insert into product (id, sku, product_category_id, name, price, description) values (77, '2684300097', 77, 'Pepperoni Slices', '$854.80', 'Vestibulum ac est lacinia nisi venenatis tristique. Fusce congue, diam id ornare imperdiet, sapien urna pretium nisl, ut volutpat sapien arcu sed augue. Aliquam erat volutpat.');
insert into product (id, sku, product_category_id, name, price, description) values (78, '9087800991', 78, 'Longos - Chicken Caeser Salad', '$444.25', 'Vestibulum ac est lacinia nisi venenatis tristique. Fusce congue, diam id ornare imperdiet, sapien urna pretium nisl, ut volutpat sapien arcu sed augue. Aliquam erat volutpat.

In congue. Etiam justo. Etiam pretium iaculis justo.

In hac habitasse platea dictumst. Etiam faucibus cursus urna. Ut tellus.');
insert into product (id, sku, product_category_id, name, price, description) values (79, '2044647907', 79, 'Brandy Apricot', '$554.17', 'Duis aliquam convallis nunc. Proin at turpis a pede posuere nonummy. Integer non velit.

Donec diam neque, vestibulum eget, vulputate ut, ultrices vel, augue. Vestibulum ante ipsum primis in faucibus orci luctus et ultrices posuere cubilia Curae; Donec pharetra, magna vestibulum aliquet ultrices, erat tortor sollicitudin mi, sit amet lobortis sapien sapien non mi. Integer ac neque.');
insert into product (id, sku, product_category_id, name, price, description) values (80, '2931843563', 80, 'Strawberries', '$806.98', 'Proin interdum mauris non ligula pellentesque ultrices. Phasellus id sapien in sapien iaculis congue. Vivamus metus arcu, adipiscing molestie, hendrerit at, vulputate vitae, nisl.');
insert into product (id, sku, product_category_id, name, price, description) values (81, '8696954793', 81, 'Longos - Chicken Cordon Bleu', '$298.00', 'In hac habitasse platea dictumst. Morbi vestibulum, velit id pretium iaculis, diam erat fermentum justo, nec condimentum neque sapien placerat ante. Nulla justo.

Aliquam quis turpis eget elit sodales scelerisque. Mauris sit amet eros. Suspendisse accumsan tortor quis turpis.

Sed ante. Vivamus tortor. Duis mattis egestas metus.');
insert into product (id, sku, product_category_id, name, price, description) values (82, '0396073778', 82, 'Beef - Prime Rib Aaa', '$631.40', 'Fusce posuere felis sed lacus. Morbi sem mauris, laoreet ut, rhoncus aliquet, pulvinar sed, nisl. Nunc rhoncus dui vel sem.

Sed sagittis. Nam congue, risus semper porta volutpat, quam pede lobortis ligula, sit amet eleifend pede libero quis orci. Nullam molestie nibh in lectus.');
insert into product (id, sku, product_category_id, name, price, description) values (83, '9231780964', 83, 'Bag Clear 10 Lb', '$586.39', 'Pellentesque at nulla. Suspendisse potenti. Cras in purus eu magna vulputate luctus.');
insert into product (id, sku, product_category_id, name, price, description) values (84, '8961346091', 84, 'Tomato Puree', '$329.53', 'Nulla ut erat id mauris vulputate elementum. Nullam varius. Nulla facilisi.

Cras non velit nec nisi vulputate nonummy. Maecenas tincidunt lacus at velit. Vivamus vel nulla eget eros elementum pellentesque.');
insert into product (id, sku, product_category_id, name, price, description) values (85, '2060985048', 85, 'Lamb - Sausage Casings', '$151.63', 'Cras mi pede, malesuada in, imperdiet et, commodo vulputate, justo. In blandit ultrices enim. Lorem ipsum dolor sit amet, consectetuer adipiscing elit.

Proin interdum mauris non ligula pellentesque ultrices. Phasellus id sapien in sapien iaculis congue. Vivamus metus arcu, adipiscing molestie, hendrerit at, vulputate vitae, nisl.');
insert into product (id, sku, product_category_id, name, price, description) values (86, '3301394248', 86, 'Beef - Cow Feet Split', '$965.02', 'Nulla ut erat id mauris vulputate elementum. Nullam varius. Nulla facilisi.');
insert into product (id, sku, product_category_id, name, price, description) values (87, '7246645837', 87, 'Cake Sheet Combo Party Pack', '$386.34', 'Etiam vel augue. Vestibulum rutrum rutrum neque. Aenean auctor gravida sem.

Praesent id massa id nisl venenatis lacinia. Aenean sit amet justo. Morbi ut odio.');
insert into product (id, sku, product_category_id, name, price, description) values (88, '9745071080', 88, 'Pepper - Cubanelle', '$756.54', 'Integer tincidunt ante vel ipsum. Praesent blandit lacinia erat. Vestibulum sed magna at nunc commodo placerat.

Praesent blandit. Nam nulla. Integer pede justo, lacinia eget, tincidunt eget, tempus vel, pede.');
insert into product (id, sku, product_category_id, name, price, description) values (89, '9776185916', 89, 'Soup - French Can Pea', '$899.20', 'Sed sagittis. Nam congue, risus semper porta volutpat, quam pede lobortis ligula, sit amet eleifend pede libero quis orci. Nullam molestie nibh in lectus.');
insert into product (id, sku, product_category_id, name, price, description) values (90, '8966244815', 90, 'Wine - Montecillo Rioja Crianza', '$775.27', 'Sed ante. Vivamus tortor. Duis mattis egestas metus.');
insert into product (id, sku, product_category_id, name, price, description) values (91, '4726119982', 91, 'Chicken - Wings, Tip Off', '$486.35', 'Integer tincidunt ante vel ipsum. Praesent blandit lacinia erat. Vestibulum sed magna at nunc commodo placerat.');
insert into product (id, sku, product_category_id, name, price, description) values (92, '8186511059', 92, 'Sprite, Diet - 355ml', '$777.76', 'Vestibulum quam sapien, varius ut, blandit non, interdum in, ante. Vestibulum ante ipsum primis in faucibus orci luctus et ultrices posuere cubilia Curae; Duis faucibus accumsan odio. Curabitur convallis.

Duis consequat dui nec nisi volutpat eleifend. Donec ut dolor. Morbi vel lectus in quam fringilla rhoncus.

Mauris enim leo, rhoncus sed, vestibulum sit amet, cursus id, turpis. Integer aliquet, massa id lobortis convallis, tortor risus dapibus augue, vel accumsan tellus nisi eu orci. Mauris lacinia sapien quis libero.');
insert into product (id, sku, product_category_id, name, price, description) values (93, '1602925291', 93, 'Pecan Raisin - Tarts', '$441.28', 'Aliquam quis turpis eget elit sodales scelerisque. Mauris sit amet eros. Suspendisse accumsan tortor quis turpis.

Sed ante. Vivamus tortor. Duis mattis egestas metus.

Aenean fermentum. Donec ut mauris eget massa tempor convallis. Nulla neque libero, convallis eget, eleifend luctus, ultricies eu, nibh.');
insert into product (id, sku, product_category_id, name, price, description) values (94, '4201068269', 94, 'Lettuce - Spring Mix', '$276.07', 'Pellentesque at nulla. Suspendisse potenti. Cras in purus eu magna vulputate luctus.

Cum sociis natoque penatibus et magnis dis parturient montes, nascetur ridiculus mus. Vivamus vestibulum sagittis sapien. Cum sociis natoque penatibus et magnis dis parturient montes, nascetur ridiculus mus.');
insert into product (id, sku, product_category_id, name, price, description) values (95, '1339095130', 95, 'Cilantro / Coriander - Fresh', '$465.94', 'Lorem ipsum dolor sit amet, consectetuer adipiscing elit. Proin risus. Praesent lectus.

Vestibulum quam sapien, varius ut, blandit non, interdum in, ante. Vestibulum ante ipsum primis in faucibus orci luctus et ultrices posuere cubilia Curae; Duis faucibus accumsan odio. Curabitur convallis.');
insert into product (id, sku, product_category_id, name, price, description) values (96, '8108186048', 96, 'Icecream - Dstk Strw Chseck', '$461.05', 'Praesent id massa id nisl venenatis lacinia. Aenean sit amet justo. Morbi ut odio.');
insert into product (id, sku, product_category_id, name, price, description) values (97, '1941657737', 97, 'Chocolate - Semi Sweet', '$524.80', 'Cras non velit nec nisi vulputate nonummy. Maecenas tincidunt lacus at velit. Vivamus vel nulla eget eros elementum pellentesque.

Quisque porta volutpat erat. Quisque erat eros, viverra eget, congue eget, semper rutrum, nulla. Nunc purus.

Phasellus in felis. Donec semper sapien a libero. Nam dui.');
insert into product (id, sku, product_category_id, name, price, description) values (98, '6179877610', 98, 'Crab - Imitation Flakes', '$833.83', 'Suspendisse potenti. In eleifend quam a odio. In hac habitasse platea dictumst.

Maecenas ut massa quis augue luctus tincidunt. Nulla mollis molestie lorem. Quisque ut erat.');
insert into product (id, sku, product_category_id, name, price, description) values (99, '3411200456', 99, 'Soup - Campbells Beef Strogonoff', '$213.37', 'Vestibulum quam sapien, varius ut, blandit non, interdum in, ante. Vestibulum ante ipsum primis in faucibus orci luctus et ultrices posuere cubilia Curae; Duis faucibus accumsan odio. Curabitur convallis.');
insert into product (id, sku, product_category_id, name, price, description) values (100, '3635730327', 100, 'Sprouts - Bean', '$858.40', 'Vestibulum ac est lacinia nisi venenatis tristique. Fusce congue, diam id ornare imperdiet, sapien urna pretium nisl, ut volutpat sapien arcu sed augue. Aliquam erat volutpat.

In congue. Etiam justo. Etiam pretium iaculis justo.');


insert into purchase_item (id, purchase_id, product_id, amount) values (1, 1, 1, 1);
insert into purchase_item (id, purchase_id, product_id, amount) values (2, 2, 2, 2);
insert into purchase_item (id, purchase_id, product_id, amount) values (3, 3, 3, 3);
insert into purchase_item (id, purchase_id, product_id, amount) values (4, 4, 4, 4);
insert into purchase_item (id, purchase_id, product_id, amount) values (5, 5, 5, 5);
insert into purchase_item (id, purchase_id, product_id, amount) values (6, 6, 6, 6);
insert into purchase_item (id, purchase_id, product_id, amount) values (7, 7, 7, 7);
insert into purchase_item (id, purchase_id, product_id, amount) values (8, 8, 8, 8);
insert into purchase_item (id, purchase_id, product_id, amount) values (9, 9, 9, 9);
insert into purchase_item (id, purchase_id, product_id, amount) values (10, 10, 10, 10);
insert into purchase_item (id, purchase_id, product_id, amount) values (11, 11, 11, 11);
insert into purchase_item (id, purchase_id, product_id, amount) values (12, 12, 12, 12);
insert into purchase_item (id, purchase_id, product_id, amount) values (13, 13, 13, 13);
insert into purchase_item (id, purchase_id, product_id, amount) values (14, 14, 14, 14);
insert into purchase_item (id, purchase_id, product_id, amount) values (15, 15, 15, 15);
insert into purchase_item (id, purchase_id, product_id, amount) values (16, 16, 16, 16);
insert into purchase_item (id, purchase_id, product_id, amount) values (17, 17, 17, 17);
insert into purchase_item (id, purchase_id, product_id, amount) values (18, 18, 18, 18);
insert into purchase_item (id, purchase_id, product_id, amount) values (19, 19, 19, 19);
insert into purchase_item (id, purchase_id, product_id, amount) values (20, 20, 20, 20);
insert into purchase_item (id, purchase_id, product_id, amount) values (21, 21, 21, 21);
insert into purchase_item (id, purchase_id, product_id, amount) values (22, 22, 22, 22);
insert into purchase_item (id, purchase_id, product_id, amount) values (23, 23, 23, 23);
insert into purchase_item (id, purchase_id, product_id, amount) values (24, 24, 24, 24);
insert into purchase_item (id, purchase_id, product_id, amount) values (25, 25, 25, 25);
insert into purchase_item (id, purchase_id, product_id, amount) values (26, 26, 26, 26);
insert into purchase_item (id, purchase_id, product_id, amount) values (27, 27, 27, 27);
insert into purchase_item (id, purchase_id, product_id, amount) values (28, 28, 28, 28);
insert into purchase_item (id, purchase_id, product_id, amount) values (29, 29, 29, 29);
insert into purchase_item (id, purchase_id, product_id, amount) values (30, 30, 30, 30);
insert into purchase_item (id, purchase_id, product_id, amount) values (31, 31, 31, 31);
insert into purchase_item (id, purchase_id, product_id, amount) values (32, 32, 32, 32);
insert into purchase_item (id, purchase_id, product_id, amount) values (33, 33, 33, 33);
insert into purchase_item (id, purchase_id, product_id, amount) values (34, 34, 34, 34);
insert into purchase_item (id, purchase_id, product_id, amount) values (35, 35, 35, 35);
insert into purchase_item (id, purchase_id, product_id, amount) values (36, 36, 36, 36);
insert into purchase_item (id, purchase_id, product_id, amount) values (37, 37, 37, 37);
insert into purchase_item (id, purchase_id, product_id, amount) values (38, 38, 38, 38);
insert into purchase_item (id, purchase_id, product_id, amount) values (39, 39, 39, 39);
insert into purchase_item (id, purchase_id, product_id, amount) values (40, 40, 40, 40);
insert into purchase_item (id, purchase_id, product_id, amount) values (41, 41, 41, 41);
insert into purchase_item (id, purchase_id, product_id, amount) values (42, 42, 42, 42);
insert into purchase_item (id, purchase_id, product_id, amount) values (43, 43, 43, 43);
insert into purchase_item (id, purchase_id, product_id, amount) values (44, 44, 44, 44);
insert into purchase_item (id, purchase_id, product_id, amount) values (45, 45, 45, 45);
insert into purchase_item (id, purchase_id, product_id, amount) values (46, 46, 46, 46);
insert into purchase_item (id, purchase_id, product_id, amount) values (47, 47, 47, 47);
insert into purchase_item (id, purchase_id, product_id, amount) values (48, 48, 48, 48);
insert into purchase_item (id, purchase_id, product_id, amount) values (49, 49, 49, 49);
insert into purchase_item (id, purchase_id, product_id, amount) values (50, 50, 50, 50);
insert into purchase_item (id, purchase_id, product_id, amount) values (51, 51, 51, 51);
insert into purchase_item (id, purchase_id, product_id, amount) values (52, 52, 52, 52);
insert into purchase_item (id, purchase_id, product_id, amount) values (53, 53, 53, 53);
insert into purchase_item (id, purchase_id, product_id, amount) values (54, 54, 54, 54);
insert into purchase_item (id, purchase_id, product_id, amount) values (55, 55, 55, 55);
insert into purchase_item (id, purchase_id, product_id, amount) values (56, 56, 56, 56);
insert into purchase_item (id, purchase_id, product_id, amount) values (57, 57, 57, 57);
insert into purchase_item (id, purchase_id, product_id, amount) values (58, 58, 58, 58);
insert into purchase_item (id, purchase_id, product_id, amount) values (59, 59, 59, 59);
insert into purchase_item (id, purchase_id, product_id, amount) values (60, 60, 60, 60);
insert into purchase_item (id, purchase_id, product_id, amount) values (61, 61, 61, 61);
insert into purchase_item (id, purchase_id, product_id, amount) values (62, 62, 62, 62);
insert into purchase_item (id, purchase_id, product_id, amount) values (63, 63, 63, 63);
insert into purchase_item (id, purchase_id, product_id, amount) values (64, 64, 64, 64);
insert into purchase_item (id, purchase_id, product_id, amount) values (65, 65, 65, 65);
insert into purchase_item (id, purchase_id, product_id, amount) values (66, 66, 66, 66);
insert into purchase_item (id, purchase_id, product_id, amount) values (67, 67, 67, 67);
insert into purchase_item (id, purchase_id, product_id, amount) values (68, 68, 68, 68);
insert into purchase_item (id, purchase_id, product_id, amount) values (69, 69, 69, 69);
insert into purchase_item (id, purchase_id, product_id, amount) values (70, 70, 70, 70);
insert into purchase_item (id, purchase_id, product_id, amount) values (71, 71, 71, 71);
insert into purchase_item (id, purchase_id, product_id, amount) values (72, 72, 72, 72);
insert into purchase_item (id, purchase_id, product_id, amount) values (73, 73, 73, 73);
insert into purchase_item (id, purchase_id, product_id, amount) values (74, 74, 74, 74);
insert into purchase_item (id, purchase_id, product_id, amount) values (75, 75, 75, 75);
insert into purchase_item (id, purchase_id, product_id, amount) values (76, 76, 76, 76);
insert into purchase_item (id, purchase_id, product_id, amount) values (77, 77, 77, 77);
insert into purchase_item (id, purchase_id, product_id, amount) values (78, 78, 78, 78);
insert into purchase_item (id, purchase_id, product_id, amount) values (79, 79, 79, 79);
insert into purchase_item (id, purchase_id, product_id, amount) values (80, 80, 80, 80);
insert into purchase_item (id, purchase_id, product_id, amount) values (81, 81, 81, 81);
insert into purchase_item (id, purchase_id, product_id, amount) values (82, 82, 82, 82);
insert into purchase_item (id, purchase_id, product_id, amount) values (83, 83, 83, 83);
insert into purchase_item (id, purchase_id, product_id, amount) values (84, 84, 84, 84);
insert into purchase_item (id, purchase_id, product_id, amount) values (85, 85, 85, 85);
insert into purchase_item (id, purchase_id, product_id, amount) values (86, 86, 86, 86);
insert into purchase_item (id, purchase_id, product_id, amount) values (87, 87, 87, 87);
insert into purchase_item (id, purchase_id, product_id, amount) values (88, 88, 88, 88);
insert into purchase_item (id, purchase_id, product_id, amount) values (89, 89, 89, 89);
insert into purchase_item (id, purchase_id, product_id, amount) values (90, 90, 90, 90);
insert into purchase_item (id, purchase_id, product_id, amount) values (91, 91, 91, 91);
insert into purchase_item (id, purchase_id, product_id, amount) values (92, 92, 92, 92);
insert into purchase_item (id, purchase_id, product_id, amount) values (93, 93, 93, 93);
insert into purchase_item (id, purchase_id, product_id, amount) values (94, 94, 94, 94);
insert into purchase_item (id, purchase_id, product_id, amount) values (95, 95, 95, 95);
insert into purchase_item (id, purchase_id, product_id, amount) values (96, 96, 96, 96);
insert into purchase_item (id, purchase_id, product_id, amount) values (97, 97, 97, 97);
insert into purchase_item (id, purchase_id, product_id, amount) values (98, 98, 98, 98);
insert into purchase_item (id, purchase_id, product_id, amount) values (99, 99, 99, 99);
insert into purchase_item (id, purchase_id, product_id, amount) values (100, 100, 100, 100);
